{"cameraMode":{"drawMode":0,"name":"Shaded","section":"Shading Mode"},"sceneLighting":true,"audioPlay":false,"sceneViewState":{"showFog":false,"showMaterialUpdate":false,"showSkybox":false,"showFlares":false,"showImageEffects":false,"showParticleSystems":false},"in2DMode":false,"pivot":{"x":74.01971435546875,"y":0.6436794996261597,"z":-61.16871643066406},"rotation":{"x":0.03945017606019974,"y":-0.9605450630187988,"z":0.19302242994308473,"w":0.19631919264793397},"size":3.2459716796875,"orthographic":false}