{"cameraMode":{"drawMode":0,"name":"Shaded","section":"Shading Mode"},"sceneLighting":true,"audioPlay":false,"sceneViewState":{"showFog":true,"showMaterialUpdate":false,"showSkybox":true,"showFlares":true,"showImageEffects":true,"showParticleSystems":true},"in2DMode":false,"pivot":{"x":-0.009999999776482582,"y":11.40999984741211,"z":-0.5699999928474426},"rotation":{"x":0.06783430278301239,"y":-0.7072197794914246,"z":0.06815671175718308,"w":0.7005435228347778},"size":22.0,"orthographic":false}