{"cameraMode":{"drawMode":0,"name":"Shaded","section":"Shading Mode"},"sceneLighting":true,"audioPlay":false,"sceneViewState":{"showFog":true,"showMaterialUpdate":false,"showSkybox":true,"showFlares":true,"showImageEffects":true,"showParticleSystems":true},"in2DMode":false,"pivot":{"x":223.45361328125,"y":0.9407376646995544,"z":-71.55998992919922},"rotation":{"x":0.10954474657773972,"y":-0.02832978032529354,"z":0.0031233313493430616,"w":0.9935742020606995},"size":7.332831382751465,"orthographic":false}