{"cameraMode":{"drawMode":0,"name":"Shaded","section":"Shading Mode"},"sceneLighting":true,"audioPlay":false,"sceneViewState":{"showFog":false,"showMaterialUpdate":false,"showSkybox":false,"showFlares":false,"showImageEffects":false,"showParticleSystems":false},"in2DMode":false,"pivot":{"x":107.37539672851563,"y":1.1613149642944337,"z":-74.2540283203125},"rotation":{"x":-0.14942681789398194,"y":0.3757365643978119,"z":-0.06152696534991264,"w":-0.9125288128852844},"size":11.122963905334473,"orthographic":false}