{"cameraMode":{"drawMode":0,"name":"Shaded","section":"Shading Mode"},"sceneLighting":true,"audioPlay":false,"sceneViewState":{"showFog":true,"showMaterialUpdate":true,"showSkybox":true,"showFlares":true,"showImageEffects":true,"showParticleSystems":true},"in2DMode":false,"pivot":{"x":-21.503631591796876,"y":0.4343361258506775,"z":-71.96432495117188},"rotation":{"x":0.28413745760917666,"y":-0.10712845623493195,"z":0.031108979135751725,"w":0.9525067806243897},"size":3.8180763721466066,"orthographic":false}