{"cameraMode":{"drawMode":0,"name":"Shaded","section":"Shading Mode"},"sceneLighting":false,"audioPlay":false,"sceneViewState":{"showFog":true,"showMaterialUpdate":false,"showSkybox":false,"showFlares":true,"showImageEffects":true,"showParticleSystems":true},"in2DMode":false,"pivot":{"x":-16.546010971069337,"y":-45.27851867675781,"z":-57.08052062988281},"rotation":{"x":0.12137841433286667,"y":0.8339745998382568,"z":-0.2030327171087265,"w":0.49854758381843569},"size":133.3802947998047,"orthographic":false}