{"cameraMode":{"drawMode":0,"name":"Shaded","section":"Shading Mode"},"sceneLighting":true,"audioPlay":false,"sceneViewState":{"showFog":true,"showMaterialUpdate":false,"showSkybox":true,"showFlares":true,"showImageEffects":true,"showParticleSystems":true},"in2DMode":false,"pivot":{"x":0.2094287872314453,"y":10.447097778320313,"z":-0.20879173278808595},"rotation":{"x":-0.06887535750865936,"y":-0.916057288646698,"z":0.17987026274204255,"w":-0.35200440883636477},"size":180.517333984375,"orthographic":false}