{"cameraMode":{"drawMode":0,"name":"Shaded","section":"Shading Mode"},"sceneLighting":false,"audioPlay":false,"sceneViewState":{"showFog":true,"showMaterialUpdate":true,"showSkybox":false,"showFlares":true,"showImageEffects":true,"showParticleSystems":true},"in2DMode":false,"pivot":{"x":-22.727985382080079,"y":0.9477345943450928,"z":-71.75162506103516},"rotation":{"x":0.03984597325325012,"y":0.9458258152008057,"z":-0.12732148170471192,"w":0.2960030734539032},"size":0.3668418526649475,"orthographic":false}