{"cameraMode":{"drawMode":0,"name":"Shaded","section":"Shading Mode"},"sceneLighting":true,"audioPlay":false,"sceneViewState":{"showFog":true,"showMaterialUpdate":false,"showSkybox":true,"showFlares":true,"showImageEffects":true,"showParticleSystems":true},"in2DMode":false,"pivot":{"x":2.758035659790039,"y":15.764453887939454,"z":-81.74799346923828},"rotation":{"x":0.18641813099384309,"y":-0.6338252425193787,"z":0.16118337213993073,"w":0.7331910729408264},"size":86.42155456542969,"orthographic":false}