{"cameraMode":{"drawMode":0,"name":"Shaded","section":"Shading Mode"},"sceneLighting":false,"audioPlay":false,"sceneViewState":{"showFog":true,"showMaterialUpdate":false,"showSkybox":false,"showFlares":true,"showImageEffects":true,"showParticleSystems":true},"in2DMode":false,"pivot":{"x":84.99999237060547,"y":5.199146747589111,"z":-36.646156311035159},"rotation":{"x":-0.0326833613216877,"y":-0.9259690642356873,"z":0.0824517086148262,"w":-0.367048978805542},"size":12.073244094848633,"orthographic":false}