{"cameraMode":{"drawMode":0,"name":"Shaded","section":"Shading Mode"},"sceneLighting":true,"audioPlay":false,"sceneViewState":{"showFog":true,"showMaterialUpdate":false,"showSkybox":true,"showFlares":true,"showImageEffects":true,"showParticleSystems":true},"in2DMode":false,"pivot":{"x":120.60099029541016,"y":0.3998352587223053,"z":-54.504676818847659},"rotation":{"x":0.26745879650115969,"y":0.10469996929168701,"z":-0.029265744611620904,"w":0.9574570655822754},"size":22.0,"orthographic":false}