{"cameraMode":{"drawMode":0,"name":"Shaded","section":"Shading Mode"},"sceneLighting":false,"audioPlay":false,"sceneViewState":{"showFog":true,"showMaterialUpdate":true,"showSkybox":false,"showFlares":true,"showImageEffects":true,"showParticleSystems":true},"in2DMode":false,"pivot":{"x":3.1984710693359377,"y":1.314107894897461,"z":-74.9279556274414},"rotation":{"x":0.020630497485399247,"y":0.7321709990501404,"z":-0.022198861464858056,"w":0.6804506778717041},"size":1.8532930612564088,"orthographic":false}