{"cameraMode":{"drawMode":0,"name":"Shaded","section":"Shading Mode"},"sceneLighting":true,"audioPlay":false,"sceneViewState":{"showFog":true,"showMaterialUpdate":false,"showSkybox":true,"showFlares":true,"showImageEffects":true,"showParticleSystems":true},"in2DMode":false,"pivot":{"x":-2.233707904815674,"y":1.7150079011917115,"z":-92.50350952148438},"rotation":{"x":-0.04861075058579445,"y":0.8063157200813294,"z":-0.06692372262477875,"w":-0.5856747627258301},"size":238.17715454101563,"orthographic":false}