{"cameraMode":{"drawMode":0,"name":"Shaded","section":"Shading Mode"},"sceneLighting":false,"audioPlay":false,"sceneViewState":{"showFog":true,"showMaterialUpdate":true,"showSkybox":false,"showFlares":true,"showImageEffects":true,"showParticleSystems":true},"in2DMode":false,"pivot":{"x":-69.79425811767578,"y":0.002944131148979068,"z":-51.7919921875},"rotation":{"x":0.020630497485399247,"y":0.7321709990501404,"z":-0.022198861464858056,"w":0.6804506778717041},"size":10.0,"orthographic":false}