{"cameraMode":{"drawMode":0,"name":"Shaded","section":"Shading Mode"},"sceneLighting":true,"audioPlay":false,"sceneViewState":{"showFog":false,"showMaterialUpdate":false,"showSkybox":false,"showFlares":false,"showImageEffects":false,"showParticleSystems":false},"in2DMode":false,"pivot":{"x":556.5626220703125,"y":126.50801086425781,"z":0.0},"rotation":{"x":-0.15832793712615968,"y":-0.06157251074910164,"z":0.009892892092466355,"w":-0.9854159355163574},"size":512.6201782226563,"orthographic":false}