{"cameraMode":{"drawMode":0,"name":"Shaded","section":"Shading Mode"},"sceneLighting":true,"audioPlay":false,"sceneViewState":{"showFog":true,"showMaterialUpdate":true,"showSkybox":true,"showFlares":true,"showImageEffects":true,"showParticleSystems":true},"in2DMode":false,"pivot":{"x":-182.2862091064453,"y":0.5571280717849731,"z":-34.94596481323242},"rotation":{"x":0.17034608125686646,"y":0.7168141007423401,"z":-0.18801379203796388,"w":0.6495223045349121},"size":4.719951629638672,"orthographic":false}