{"cameraMode":{"drawMode":0,"name":"Shaded","section":"Shading Mode"},"sceneLighting":false,"audioPlay":false,"sceneViewState":{"showFog":true,"showMaterialUpdate":false,"showSkybox":false,"showFlares":true,"showImageEffects":true,"showParticleSystems":true},"in2DMode":false,"pivot":{"x":0.00002199411392211914,"y":0.6527290344238281,"z":0.5054633021354675},"rotation":{"x":-0.1218472570180893,"y":-0.7401607036590576,"z":0.13951639831066132,"w":-0.6464179754257202},"size":8.042315483093262,"orthographic":false}