{"cameraMode":{"drawMode":0,"name":"Shaded","section":"Shading Mode"},"sceneLighting":false,"audioPlay":false,"sceneViewState":{"showFog":true,"showMaterialUpdate":true,"showSkybox":false,"showFlares":true,"showImageEffects":true,"showParticleSystems":true},"in2DMode":false,"pivot":{"x":119.80000305175781,"y":0.4000000059604645,"z":-49.400001525878909},"rotation":{"x":-0.2384217083454132,"y":-0.13991212844848634,"z":0.034784648567438129,"w":-0.9605304598808289},"size":22.0,"orthographic":false}