{"cameraMode":{"drawMode":0,"name":"Shaded","section":"Shading Mode"},"sceneLighting":false,"audioPlay":false,"sceneViewState":{"showFog":true,"showMaterialUpdate":false,"showSkybox":false,"showFlares":true,"showImageEffects":true,"showParticleSystems":true},"in2DMode":false,"pivot":{"x":4.615823745727539,"y":-0.2890251874923706,"z":-240.9675750732422},"rotation":{"x":-0.07865086197853089,"y":0.8777517676353455,"z":-0.1545698046684265,"w":-0.44664207100868227},"size":7.1638503074646,"orthographic":false}